ts_iso,temp_c,humidity_pct,motion,fan_on,light_on,mode,image_path
2025-11-04T20:54:05.243818+00:00,,,0,0,0,Home,
2025-11-04T20:54:07.494724+00:00,,,0,0,0,Home,
2025-11-04T20:54:09.745481+00:00,,,0,0,0,Home,
2025-11-04T20:54:11.996291+00:00,,,0,0,0,Home,
2025-11-04T20:54:14.247968+00:00,,,0,0,0,Home,
2025-11-04T20:54:16.498824+00:00,,,0,0,0,Home,
2025-11-04T20:54:18.749640+00:00,,,0,0,0,Home,
2025-11-04T20:54:21.000485+00:00,,,0,0,0,Home,
2025-11-04T20:54:23.253324+00:00,,,0,0,0,Home,
2025-11-04T20:54:25.504046+00:00,,,0,0,0,Home,
2025-11-04T20:54:27.757456+00:00,,,0,0,0,Home,
2025-11-04T20:54:30.011378+00:00,,,0,0,0,Home,
2025-11-04T20:54:32.267321+00:00,,,0,0,0,Home,
2025-11-04T20:54:34.523345+00:00,,,0,0,0,Home,
2025-11-04T20:54:36.775696+00:00,,,0,0,0,Home,
2025-11-04T20:57:20.848299+00:00,,,0,0,0,Home,
2025-11-04T20:57:23.099321+00:00,,,0,0,0,Home,
2025-11-04T20:57:25.350167+00:00,,,0,0,0,Home,
2025-11-04T20:57:27.600980+00:00,,,0,0,0,Home,
2025-11-04T20:57:29.851698+00:00,,,0,0,0,Home,
2025-11-04T20:57:32.102533+00:00,,,1,0,0,Home,uploads/motion_20251104T205732Z.jpg
2025-11-04T20:57:34.634922+00:00,,,0,0,0,Home,
2025-11-04T20:57:36.885687+00:00,,,0,0,0,Home,
2025-11-04T20:57:39.136398+00:00,,,0,0,0,Home,
2025-11-04T20:57:41.389280+00:00,,,0,0,0,Home,
2025-11-04T20:57:43.640081+00:00,,,0,0,0,Home,
2025-11-04T20:57:45.893450+00:00,,,0,0,0,Home,
2025-11-04T20:57:48.144160+00:00,,,0,0,0,Home,
2025-11-04T20:57:50.397328+00:00,,,0,0,0,Home,
2025-11-04T20:57:52.648033+00:00,,,0,0,0,Home,
2025-11-04T20:59:12.914626+00:00,,,0,0,0,Home,
2025-11-04T20:59:15.165597+00:00,,,0,0,0,Home,
2025-11-04T20:59:17.416328+00:00,,,0,0,0,Home,
2025-11-04T20:59:19.667202+00:00,,,0,0,0,Home,
2025-11-04T20:59:21.918939+00:00,,,0,0,0,Home,
2025-11-04T20:59:24.170218+00:00,,,0,0,0,Home,
2025-11-04T20:59:26.423430+00:00,,,0,0,0,Home,
2025-11-04T20:59:28.679401+00:00,,,0,0,0,Home,
2025-11-04T20:59:30.935367+00:00,,,0,0,0,Home,
2025-11-04T20:59:33.193483+00:00,,,0,0,0,Home,
2025-11-04T20:59:35.447754+00:00,,,0,0,0,Home,
2025-11-04T20:59:37.698587+00:00,,,0,0,0,Home,
2025-11-04T20:59:39.950603+00:00,,,0,0,0,Home,
2025-11-04T20:59:42.201611+00:00,,,0,0,0,Home,
2025-11-04T20:59:44.455166+00:00,,,1,0,0,Home,uploads/motion_20251104T205944Z.jpg
2025-11-04T20:59:46.968698+00:00,,,0,0,0,Home,
2025-11-04T20:59:49.221263+00:00,,,0,0,0,Home,
2025-11-04T20:59:51.472118+00:00,,,0,0,0,Home,
2025-11-04T20:59:53.727533+00:00,,,0,0,0,Home,
2025-11-04T20:59:55.983528+00:00,,,1,0,0,Home,uploads/motion_20251104T205956Z.jpg
2025-11-04T20:59:58.460570+00:00,,,0,0,0,Home,
2025-11-04T21:00:00.715474+00:00,,,0,0,0,Home,
2025-11-04T21:00:02.973511+00:00,,,0,0,0,Home,
2025-11-04T21:00:05.227592+00:00,,,0,0,0,Home,
2025-11-04T21:00:07.480165+00:00,,,0,0,0,Home,
2025-11-04T21:00:09.732890+00:00,,,0,0,0,Home,
2025-11-04T21:00:11.987533+00:00,,,0,0,0,Home,
2025-11-04T21:00:14.243407+00:00,,,1,0,0,Home,uploads/motion_20251104T210014Z.jpg
2025-11-04T21:00:16.629332+00:00,,,0,0,0,Home,
2025-11-04T21:00:18.883434+00:00,,,0,0,0,Home,
2025-11-04T21:00:21.134291+00:00,,,0,0,0,Home,
2025-11-04T21:00:23.387499+00:00,,,0,0,0,Home,
2025-11-04T21:00:25.639470+00:00,,,1,0,0,Home,uploads/motion_20251104T210025Z.jpg
2025-11-04T21:00:28.139960+00:00,,,0,0,0,Home,
2025-11-04T21:00:30.390670+00:00,,,0,0,0,Home,
2025-11-04T21:00:32.641351+00:00,,,1,0,0,Home,
2025-11-04T21:00:34.892043+00:00,,,0,0,0,Home,
2025-11-04T21:00:37.142866+00:00,,,0,0,0,Home,
2025-11-04T21:00:39.393557+00:00,,,0,0,0,Home,
2025-11-04T21:00:41.644442+00:00,,,0,0,0,Home,
2025-11-04T21:00:43.895384+00:00,,,1,0,0,Home,uploads/motion_20251104T210044Z.jpg
2025-11-04T21:00:46.305937+00:00,,,0,0,0,Home,
2025-11-04T21:00:48.556569+00:00,,,0,0,0,Home,
2025-11-04T21:00:50.807216+00:00,,,0,0,0,Home,
2025-11-04T21:00:53.065447+00:00,,,0,0,0,Home,
2025-11-04T21:00:55.316365+00:00,,,0,0,0,Home,
2025-11-04T21:00:57.569431+00:00,,,0,0,0,Home,
2025-11-04T21:00:59.820148+00:00,,,0,0,0,Home,
2025-11-04T21:01:02.071853+00:00,,,0,0,0,Home,
2025-11-04T21:01:04.322574+00:00,,,0,0,0,Home,
2025-11-04T21:01:06.573395+00:00,,,0,0,0,Home,
2025-11-04T21:01:08.825355+00:00,,,0,0,0,Home,
2025-11-04T21:01:11.075987+00:00,,,0,0,0,Home,
2025-11-04T21:01:13.326625+00:00,,,0,0,0,Home,
2025-11-04T21:01:15.577290+00:00,,,0,0,0,Home,
2025-11-04T21:01:17.827980+00:00,,,1,0,0,Home,uploads/motion_20251104T210118Z.jpg
2025-11-04T21:01:20.206831+00:00,,,0,0,0,Home,
2025-11-04T21:01:22.457469+00:00,,,0,0,0,Home,
2025-11-04T21:01:24.708151+00:00,,,0,0,0,Home,
2025-11-04T21:01:26.961506+00:00,,,0,0,0,Home,
2025-11-04T21:01:29.212369+00:00,,,0,0,0,Home,
2025-11-04T21:01:31.463059+00:00,,,0,0,0,Home,
2025-11-04T21:01:33.713732+00:00,,,0,0,0,Home,
2025-11-04T21:01:35.964416+00:00,,,1,0,0,Home,uploads/motion_20251104T210136Z.jpg
2025-11-04T21:01:38.371617+00:00,,,0,0,0,Home,
2025-11-04T21:01:40.622304+00:00,,,0,0,0,Home,
2025-11-04T21:01:42.873075+00:00,,,0,0,0,Home,
2025-11-04T21:01:45.123880+00:00,,,0,0,0,Home,
2025-11-04T21:01:47.379412+00:00,,,0,0,0,Home,
2025-11-04T21:01:49.635442+00:00,,,0,0,0,Home,
2025-11-04T21:01:51.891541+00:00,,,0,0,0,Home,
2025-11-04T21:01:54.142404+00:00,,,0,0,0,Home,
2025-11-04T21:01:56.399680+00:00,,,0,0,0,Home,
2025-11-04T21:01:58.650293+00:00,,,0,0,0,Home,
2025-11-04T21:02:00.903288+00:00,,,0,0,0,Home,
2025-11-04T21:02:03.153983+00:00,,,0,0,0,Home,
2025-11-04T21:02:05.404621+00:00,,,0,0,0,Home,
2025-11-04T21:02:07.655490+00:00,,,0,0,0,Home,
2025-11-04T21:02:09.906224+00:00,,,1,0,0,Home,uploads/motion_20251104T210210Z.jpg
2025-11-04T21:02:12.401432+00:00,,,0,0,0,Home,
2025-11-04T21:02:14.652177+00:00,,,0,0,0,Home,
2025-11-04T21:02:16.902929+00:00,,,1,0,0,Home,
2025-11-04T21:02:19.153607+00:00,,,0,0,0,Home,
2025-11-04T21:02:21.404266+00:00,,,0,0,0,Home,
2025-11-04T21:02:23.659379+00:00,,,1,0,0,Home,uploads/motion_20251104T210223Z.jpg
2025-11-04T21:02:26.091241+00:00,,,0,0,0,Home,
2025-11-04T21:02:28.343167+00:00,,,0,0,0,Home,
2025-11-04T21:02:30.599300+00:00,,,0,0,0,Home,
2025-11-04T21:02:32.850104+00:00,,,0,0,0,Home,
2025-11-04T21:02:35.105353+00:00,,,1,0,0,Home,uploads/motion_20251104T210235Z.jpg
2025-11-04T21:02:37.610660+00:00,,,0,0,0,Home,
2025-11-04T21:02:39.865318+00:00,,,0,0,0,Home,
2025-11-04T21:02:42.116042+00:00,,,0,0,0,Home,
2025-11-04T21:02:44.366962+00:00,,,0,0,0,Home,
2025-11-04T21:02:46.621310+00:00,,,0,0,0,Home,
2025-11-04T21:02:48.871987+00:00,,,0,0,0,Home,
2025-11-04T21:02:51.127974+00:00,,,0,0,0,Home,
2025-11-04T21:02:53.378620+00:00,,,0,0,0,Home,
2025-11-04T21:02:55.629578+00:00,,,1,0,0,Home,uploads/motion_20251104T210255Z.jpg
2025-11-04T21:02:58.078694+00:00,,,0,0,0,Home,
2025-11-04T21:03:00.329658+00:00,,,0,0,0,Home,
2025-11-04T21:03:02.583511+00:00,,,1,0,0,Home,
2025-11-04T21:03:04.834427+00:00,,,0,0,0,Home,
2025-11-04T21:03:07.085344+00:00,,,0,0,0,Home,
2025-11-04T21:03:09.336169+00:00,,,0,0,0,Home,
2025-11-04T21:03:11.588898+00:00,,,0,0,0,Home,
2025-11-04T21:03:13.843559+00:00,,,1,0,0,Home,uploads/motion_20251104T210314Z.jpg
2025-11-04T21:03:16.244897+00:00,,,0,0,0,Home,
2025-11-04T21:03:18.495840+00:00,,,0,0,0,Home,
2025-11-04T21:03:20.753823+00:00,,,0,0,0,Home,
2025-11-04T21:03:23.011177+00:00,,,0,0,0,Home,
2025-11-04T21:03:25.268004+00:00,,,1,0,0,Home,uploads/motion_20251104T210325Z.jpg
2025-11-04T21:03:27.758959+00:00,,,0,0,0,Home,
2025-11-04T21:03:30.009729+00:00,,,1,0,0,Home,
2025-11-04T21:03:32.260638+00:00,,,0,0,0,Home,
2025-11-04T21:03:34.513681+00:00,,,0,0,0,Home,
2025-11-04T21:03:36.764337+00:00,,,0,0,0,Home,
2025-11-04T21:03:39.015017+00:00,,,0,0,0,Home,
2025-11-04T21:03:41.265776+00:00,,,0,0,0,Home,
2025-11-04T21:03:43.516489+00:00,,,0,0,0,Home,
2025-11-04T21:03:45.767416+00:00,,,0,0,0,Home,
2025-11-04T21:03:48.018182+00:00,,,0,0,0,Home,
2025-11-04T21:03:50.269141+00:00,,,1,0,0,Home,uploads/motion_20251104T210350Z.jpg
2025-11-04T21:03:52.721363+00:00,,,0,0,0,Home,
2025-11-04T21:03:54.972082+00:00,,,0,0,0,Home,
2025-11-04T21:03:57.224681+00:00,,,0,0,0,Home,
2025-11-04T21:03:59.475664+00:00,,,1,0,0,Home,uploads/motion_20251104T210359Z.jpg
2025-11-04T21:04:01.932956+00:00,,,0,0,0,Home,
2025-11-04T21:04:04.183629+00:00,,,0,0,0,Home,
2025-11-04T21:04:06.434361+00:00,,,0,0,0,Home,
2025-11-04T21:04:08.685453+00:00,,,1,0,0,Home,uploads/motion_20251104T210408Z.jpg
2025-11-04T21:04:11.137400+00:00,,,0,0,0,Home,
2025-11-04T21:04:13.391367+00:00,,,0,0,0,Home,
2025-11-04T21:04:15.647421+00:00,,,0,0,0,Home,
2025-11-04T21:04:17.899622+00:00,,,0,0,0,Home,
2025-11-04T21:04:20.155442+00:00,,,1,0,0,Home,uploads/motion_20251104T210420Z.jpg
2025-11-04T21:04:22.635948+00:00,,,0,0,0,Home,
2025-11-04T21:04:24.886658+00:00,,,1,0,0,Home,
2025-11-04T21:04:27.137332+00:00,,,0,0,0,Home,
2025-11-04T21:04:29.391421+00:00,,,0,0,0,Home,
2025-11-04T21:04:31.645118+00:00,,,1,0,0,Home,uploads/motion_20251104T210431Z.jpg
2025-11-04T21:04:34.150071+00:00,,,0,0,0,Home,
2025-11-04T21:04:36.400700+00:00,,,0,0,0,Home,
2025-11-04T21:04:38.651358+00:00,,,0,0,0,Home,
2025-11-04T21:04:40.904970+00:00,,,1,0,0,Home,uploads/motion_20251104T210441Z.jpg
2025-11-04T21:04:43.369412+00:00,,,0,0,0,Home,
2025-11-04T21:04:45.620311+00:00,,,0,0,0,Home,
2025-11-04T21:04:47.871139+00:00,,,0,0,0,Home,
2025-11-04T21:04:50.121997+00:00,,,0,0,0,Home,
2025-11-04T21:04:52.375421+00:00,,,0,0,0,Home,
2025-11-04T21:04:54.629416+00:00,,,0,0,0,Home,
2025-11-04T21:04:56.880103+00:00,,,0,0,0,Home,
2025-11-04T21:04:59.133400+00:00,,,0,0,0,Home,
2025-11-04T21:05:01.387559+00:00,,,0,0,0,Home,
2025-11-04T21:05:03.639442+00:00,,,0,0,0,Home,
2025-11-04T21:05:05.890238+00:00,,,1,0,0,Home,uploads/motion_20251104T210506Z.jpg
2025-11-04T21:05:08.306620+00:00,,,0,0,0,Home,
2025-11-04T21:05:10.557293+00:00,,,0,0,0,Home,
2025-11-04T21:05:12.808032+00:00,,,0,0,0,Home,
2025-11-04T21:05:15.058930+00:00,,,0,0,0,Home,
2025-11-04T21:05:17.309661+00:00,,,1,0,0,Home,uploads/motion_20251104T210517Z.jpg
2025-11-04T21:05:19.705273+00:00,,,0,0,0,Home,
2025-11-04T21:05:21.955987+00:00,,,0,0,0,Home,
2025-11-04T21:05:24.211778+00:00,,,0,0,0,Home,
2025-11-04T21:05:26.465378+00:00,,,0,0,0,Home,
2025-11-04T21:05:28.719319+00:00,,,0,0,0,Home,
2025-11-04T21:05:30.970841+00:00,,,0,0,0,Home,
2025-11-04T21:05:33.225304+00:00,,,0,0,0,Home,
2025-11-04T21:05:35.479565+00:00,,,0,0,0,Home,
2025-11-04T21:05:37.735490+00:00,,,0,0,0,Home,
2025-11-04T21:05:39.991589+00:00,,,0,0,0,Home,
2025-11-04T21:05:42.247574+00:00,,,0,0,0,Home,
2025-11-04T21:05:44.501468+00:00,,,0,0,0,Home,
2025-11-04T21:05:46.752292+00:00,,,0,0,0,Home,
2025-11-04T21:05:49.003026+00:00,,,1,0,0,Home,uploads/motion_20251104T210549Z.jpg
2025-11-04T21:05:51.418043+00:00,,,0,0,0,Home,
2025-11-04T21:05:53.671338+00:00,,,1,0,0,Home,
2025-11-04T21:05:55.925453+00:00,,,0,0,0,Home,
2025-11-04T21:05:58.178298+00:00,,,0,0,0,Home,
2025-11-04T21:06:00.431686+00:00,,,0,0,0,Home,
2025-11-04T21:06:02.682501+00:00,,,0,0,0,Home,
2025-11-04T21:06:04.933218+00:00,,,1,0,0,Home,uploads/motion_20251104T210605Z.jpg
2025-11-04T21:06:07.409329+00:00,,,0,0,0,Home,
2025-11-04T21:06:09.660101+00:00,,,1,0,0,Home,
2025-11-04T21:06:11.910773+00:00,,,0,0,0,Home,
2025-11-04T21:06:14.165130+00:00,,,0,0,0,Home,
2025-11-04T21:06:16.419368+00:00,,,0,0,0,Home,
2025-11-04T21:06:18.670023+00:00,,,0,0,0,Home,
2025-11-04T21:06:20.923676+00:00,,,1,0,0,Home,uploads/motion_20251104T210621Z.jpg
2025-11-04T21:06:23.405361+00:00,,,0,0,0,Home,
2025-11-04T21:06:25.656178+00:00,,,0,0,0,Home,
2025-11-04T21:06:27.906880+00:00,,,0,0,0,Home,
2025-11-04T21:06:30.157610+00:00,,,0,0,0,Home,
2025-11-04T21:06:32.408488+00:00,,,0,0,0,Home,
2025-11-04T21:06:34.659458+00:00,,,1,0,0,Home,uploads/motion_20251104T210634Z.jpg
2025-11-04T21:06:37.087677+00:00,,,0,0,0,Home,
2025-11-04T21:06:39.338373+00:00,,,0,0,0,Home,
2025-11-04T21:06:41.589104+00:00,,,0,0,0,Home,
2025-11-04T21:06:43.840020+00:00,,,0,0,0,Home,
2025-11-04T21:06:46.091726+00:00,,,0,0,0,Home,
2025-11-04T21:06:48.343059+00:00,,,0,0,0,Home,
2025-11-04T21:06:50.593720+00:00,,,0,0,0,Home,
2025-11-04T21:06:52.844396+00:00,,,0,0,0,Home,
2025-11-04T21:06:55.095066+00:00,,,0,0,0,Home,
2025-11-04T21:06:57.345893+00:00,,,0,0,0,Home,
2025-11-04T21:06:59.596758+00:00,,,0,0,0,Home,
2025-11-04T21:07:01.847411+00:00,,,0,0,0,Home,
2025-11-04T21:07:04.100929+00:00,,,0,0,0,Home,
2025-11-04T21:07:06.351840+00:00,,,0,0,0,Home,
2025-11-04T21:07:08.604451+00:00,,,0,0,0,Home,
2025-11-04T21:07:10.859970+00:00,,,0,0,0,Home,
2025-11-04T21:07:13.115490+00:00,,,0,0,0,Home,
2025-11-04T21:07:15.367615+00:00,,,0,0,0,Home,
2025-11-04T21:07:17.624850+00:00,,,0,0,0,Home,
2025-11-04T21:07:19.881592+00:00,,,0,0,0,Home,
2025-11-04T21:07:22.135541+00:00,,,0,0,0,Home,
2025-11-04T21:07:24.386610+00:00,,,1,0,0,Home,uploads/motion_20251104T210724Z.jpg
2025-11-04T21:07:26.857475+00:00,,,0,0,0,Home,
2025-11-04T21:07:29.108477+00:00,,,0,0,0,Home,
2025-11-04T21:07:31.359158+00:00,,,0,0,0,Home,
2025-11-04T21:07:33.612186+00:00,,,0,0,0,Home,
2025-11-04T21:07:35.863062+00:00,,,0,0,0,Home,
2025-11-04T21:07:38.113742+00:00,,,0,0,0,Home,
2025-11-04T21:07:40.364365+00:00,,,1,0,0,Home,uploads/motion_20251104T210740Z.jpg
2025-11-04T21:07:42.846661+00:00,,,0,0,0,Home,
2025-11-04T21:07:45.097420+00:00,,,0,0,0,Home,
2025-11-04T21:07:47.348051+00:00,,,0,0,0,Home,
2025-11-04T21:07:49.598752+00:00,,,0,0,0,Home,
2025-11-04T21:07:51.855487+00:00,,,0,0,0,Home,
2025-11-04T21:07:54.106322+00:00,,,0,0,0,Home,
2025-11-04T21:07:56.359844+00:00,,,0,0,0,Home,
2025-11-04T21:07:58.610476+00:00,,,1,0,0,Home,uploads/motion_20251104T210758Z.jpg
2025-11-04T21:08:01.009631+00:00,,,0,0,0,Home,
2025-11-04T21:08:03.260264+00:00,,,0,0,0,Home,
2025-11-04T21:08:05.511625+00:00,,,0,0,0,Home,
2025-11-04T21:08:07.762449+00:00,,,0,0,0,Home,
2025-11-04T21:08:10.013457+00:00,,,1,0,0,Home,uploads/motion_20251104T210810Z.jpg
2025-11-04T21:08:12.395378+00:00,,,0,0,0,Home,
2025-11-04T21:08:14.646156+00:00,,,0,0,0,Home,
2025-11-04T21:08:16.896765+00:00,,,0,0,0,Home,
2025-11-04T21:08:19.147516+00:00,,,0,0,0,Home,
2025-11-04T21:08:21.398141+00:00,,,1,0,0,Home,uploads/motion_20251104T210821Z.jpg
2025-11-04T21:08:23.781636+00:00,,,0,0,0,Home,
2025-11-04T21:08:26.032314+00:00,,,0,0,0,Home,
2025-11-04T21:08:28.282953+00:00,,,0,0,0,Home,
2025-11-04T21:08:30.535646+00:00,,,0,0,0,Home,
2025-11-04T21:08:32.787463+00:00,,,0,0,0,Home,
2025-11-04T21:08:35.038240+00:00,,,0,0,0,Home,
2025-11-04T21:08:37.289129+00:00,,,0,0,0,Home,
2025-11-04T21:08:39.543461+00:00,,,0,0,0,Home,
2025-11-04T21:08:41.794693+00:00,,,0,0,0,Home,
2025-11-04T21:08:44.049302+00:00,,,0,0,0,Home,
2025-11-04T21:08:46.301468+00:00,,,0,0,0,Home,
2025-11-04T21:08:48.555384+00:00,,,0,0,0,Home,
2025-11-04T21:08:50.806230+00:00,,,0,0,0,Home,
2025-11-04T21:08:53.057124+00:00,,,0,0,0,Home,
2025-11-04T21:08:55.307838+00:00,,,0,0,0,Home,
2025-11-04T21:08:57.558529+00:00,,,0,0,0,Home,
2025-11-04T21:08:59.809272+00:00,,,0,0,0,Home,
2025-11-04T21:09:02.061393+00:00,,,0,0,0,Home,
2025-11-04T21:09:04.312343+00:00,,,0,0,0,Home,
2025-11-04T21:09:06.563199+00:00,,,0,0,0,Home,
2025-11-04T21:09:08.819488+00:00,,,0,0,0,Home,
2025-11-04T21:09:11.075472+00:00,,,0,0,0,Home,
2025-11-04T21:09:13.326638+00:00,,,0,0,0,Home,
2025-11-04T21:09:15.581453+00:00,,,0,0,0,Home,
2025-11-04T21:09:17.833545+00:00,,,0,0,0,Home,
2025-11-04T21:09:20.084260+00:00,,,0,0,0,Home,
2025-11-04T21:09:22.335025+00:00,,,1,0,0,Home,uploads/motion_20251104T210922Z.jpg
2025-11-04T21:09:24.808158+00:00,,,0,0,0,Home,
2025-11-04T21:09:27.060575+00:00,,,0,0,0,Home,
2025-11-04T21:09:29.313214+00:00,,,0,0,0,Home,
2025-11-04T21:09:31.564116+00:00,,,0,0,0,Home,
2025-11-04T21:09:33.814980+00:00,,,0,0,0,Home,
2025-11-04T21:09:36.069382+00:00,,,0,0,0,Home,
2025-11-04T21:09:38.320075+00:00,,,0,0,0,Home,
2025-11-04T21:09:40.573236+00:00,,,0,0,0,Home,
2025-11-04T21:09:42.823971+00:00,,,1,0,0,Home,uploads/motion_20251104T210943Z.jpg
2025-11-04T21:09:45.287189+00:00,,,0,0,0,Home,
2025-11-04T21:09:47.537886+00:00,,,0,0,0,Home,
2025-11-04T21:09:49.789405+00:00,,,1,0,0,Home,
2025-11-04T21:09:52.040419+00:00,,,0,0,0,Home,
2025-11-04T21:09:54.295491+00:00,,,0,0,0,Home,
2025-11-04T21:09:56.551577+00:00,,,0,0,0,Home,
2025-11-04T21:09:58.803139+00:00,,,0,0,0,Home,
2025-11-04T21:10:01.059802+00:00,,,0,0,0,Home,
2025-11-04T21:10:03.310750+00:00,,,0,0,0,Home,
2025-11-04T21:10:05.561650+00:00,,,0,0,0,Home,
2025-11-04T21:10:07.813401+00:00,,,0,0,0,Home,
2025-11-04T21:10:10.064038+00:00,,,0,0,0,Home,
2025-11-04T21:10:12.317457+00:00,,,0,0,0,Home,
2025-11-04T21:10:14.568174+00:00,,,1,0,0,Home,uploads/motion_20251104T211014Z.jpg
2025-11-04T21:10:17.066952+00:00,,,0,0,0,Home,
2025-11-04T21:10:19.317753+00:00,,,0,0,0,Home,
2025-11-04T21:10:21.569353+00:00,,,1,0,0,Home,
2025-11-04T21:10:23.823482+00:00,,,0,0,0,Home,
2025-11-04T21:10:26.077242+00:00,,,0,0,0,Home,
2025-11-04T21:10:28.328067+00:00,,,1,0,0,Home,uploads/motion_20251104T211028Z.jpg
2025-11-04T21:10:30.755053+00:00,,,0,0,0,Home,
2025-11-04T21:10:33.005725+00:00,,,0,0,0,Home,
2025-11-04T21:10:35.256441+00:00,,,1,0,0,Home,
2025-11-04T21:10:37.507141+00:00,,,0,0,0,Home,
2025-11-04T21:10:39.757795+00:00,,,0,0,0,Home,
2025-11-04T21:10:42.008499+00:00,,,0,0,0,Home,
2025-11-04T21:10:44.259609+00:00,,,0,0,0,Home,
2025-11-04T21:10:46.512638+00:00,,,1,0,0,Home,uploads/motion_20251104T211046Z.jpg
2025-11-04T21:10:48.922162+00:00,,,0,0,0,Home,
2025-11-04T21:10:51.172989+00:00,,,0,0,0,Home,
2025-11-04T21:10:53.423649+00:00,,,0,0,0,Home,
2025-11-04T21:10:55.674305+00:00,,,0,0,0,Home,
2025-11-04T21:10:57.926223+00:00,,,1,0,0,Home,uploads/motion_20251104T211058Z.jpg
2025-11-04T21:11:00.314568+00:00,,,0,0,0,Home,
2025-11-04T21:11:02.565365+00:00,,,0,0,0,Home,
2025-11-04T21:11:04.816145+00:00,,,0,0,0,Home,
2025-11-04T21:11:07.068677+00:00,,,0,0,0,Home,
2025-11-04T21:11:09.321761+00:00,,,0,0,0,Home,
2025-11-04T21:11:11.572374+00:00,,,0,0,0,Home,
2025-11-04T21:11:13.823866+00:00,,,0,0,0,Home,
2025-11-04T21:11:16.075089+00:00,,,1,0,0,Home,uploads/motion_20251104T211116Z.jpg
2025-11-04T21:11:18.485328+00:00,,,0,0,0,Home,
2025-11-04T21:11:20.736604+00:00,,,0,0,0,Home,
2025-11-04T21:11:22.991385+00:00,,,1,0,0,Home,
2025-11-04T21:11:25.245980+00:00,,,0,0,0,Home,
2025-11-04T21:11:27.503435+00:00,,,0,0,0,Home,
2025-11-04T21:11:29.754118+00:00,,,0,0,0,Home,
2025-11-04T21:11:32.004919+00:00,,,0,0,0,Home,
2025-11-04T21:11:34.255681+00:00,,,0,0,0,Home,
2025-11-04T21:11:36.506387+00:00,,,1,0,0,Home,uploads/motion_20251104T211136Z.jpg
2025-11-04T21:11:38.940541+00:00,,,0,0,0,Home,
2025-11-04T21:11:41.192612+00:00,,,0,0,0,Home,
2025-11-04T21:11:43.445450+00:00,,,0,0,0,Home,
2025-11-04T21:11:45.697157+00:00,,,0,0,0,Home,
2025-11-04T21:11:47.947935+00:00,,,1,0,0,Home,uploads/motion_20251104T211148Z.jpg
2025-11-04T21:11:50.452891+00:00,,,0,0,0,Home,
2025-11-04T21:11:52.705341+00:00,,,0,0,0,Home,
2025-11-04T21:11:54.959518+00:00,,,0,0,0,Home,
2025-11-04T21:11:57.211469+00:00,,,0,0,0,Home,
2025-11-04T21:11:59.462150+00:00,,,1,0,0,Home,uploads/motion_20251104T211159Z.jpg
2025-11-04T21:12:01.968699+00:00,,,0,0,0,Home,
2025-11-04T21:12:04.219525+00:00,,,0,0,0,Home,
2025-11-04T21:12:06.471217+00:00,,,1,0,0,Home,
2025-11-04T21:12:08.723484+00:00,,,0,0,0,Home,
2025-11-04T21:12:10.976536+00:00,,,0,0,0,Home,
2025-11-04T21:12:13.229209+00:00,,,0,0,0,Home,
2025-11-04T21:12:15.479999+00:00,,,0,0,0,Home,
2025-11-04T21:12:17.730813+00:00,,,0,0,0,Home,
2025-11-04T21:12:19.981578+00:00,,,0,0,0,Home,
2025-11-04T21:12:22.232341+00:00,,,1,0,0,Home,uploads/motion_20251104T211222Z.jpg
2025-11-04T21:12:24.678814+00:00,,,0,0,0,Home,
2025-11-04T21:12:26.932257+00:00,,,0,0,0,Home,
2025-11-04T21:12:29.183002+00:00,,,1,0,0,Home,
2025-11-04T21:12:31.433720+00:00,,,0,0,0,Home,
2025-11-04T21:12:33.684636+00:00,,,0,0,0,Home,
2025-11-04T21:12:35.935897+00:00,,,0,0,0,Home,
2025-11-04T21:12:38.191680+00:00,,,0,0,0,Home,
2025-11-04T21:12:40.447713+00:00,,,1,0,0,Home,uploads/motion_20251104T211240Z.jpg
2025-11-04T21:12:42.841683+00:00,,,0,0,0,Home,
2025-11-04T21:12:45.092563+00:00,,,0,0,0,Home,
2025-11-04T21:12:47.347504+00:00,,,0,0,0,Home,
2025-11-04T21:12:49.603675+00:00,,,0,0,0,Home,
2025-11-04T21:12:51.854655+00:00,,,0,0,0,Home,
2025-11-04T21:12:54.111381+00:00,,,1,0,0,Home,uploads/motion_20251104T211254Z.jpg
2025-11-04T21:12:56.531289+00:00,,,0,0,0,Home,
2025-11-04T21:12:58.782997+00:00,,,0,0,0,Home,
2025-11-04T21:13:01.033789+00:00,,,1,0,0,Home,
2025-11-04T21:13:03.284657+00:00,,,0,0,0,Home,
2025-11-04T21:13:05.535478+00:00,,,0,0,0,Home,
2025-11-04T21:13:07.787109+00:00,,,1,0,0,Home,uploads/motion_20251104T211308Z.jpg
2025-11-04T21:13:10.217789+00:00,,,0,0,0,Home,
2025-11-04T21:13:12.471533+00:00,,,0,0,0,Home,
2025-11-04T21:13:14.722545+00:00,,,1,0,0,Home,
2025-11-04T21:13:16.973499+00:00,,,0,0,0,Home,
2025-11-04T21:13:19.227508+00:00,,,0,0,0,Home,
2025-11-04T21:13:21.483287+00:00,,,0,0,0,Home,
2025-11-04T21:13:23.734211+00:00,,,0,0,0,Home,
2025-11-04T21:13:25.987605+00:00,,,0,0,0,Home,
2025-11-04T21:13:28.238677+00:00,,,0,0,0,Home,
2025-11-04T21:13:30.495678+00:00,,,0,0,0,Home,
2025-11-04T21:13:32.746466+00:00,,,0,0,0,Home,
2025-11-04T21:13:34.997222+00:00,,,0,0,0,Home,
2025-11-04T21:13:37.251454+00:00,,,0,0,0,Home,
2025-11-04T21:13:39.502305+00:00,,,0,0,0,Home,
2025-11-04T21:13:41.753016+00:00,,,0,0,0,Home,
2025-11-04T21:13:44.007347+00:00,,,0,0,0,Home,
2025-11-04T21:13:46.259325+00:00,,,0,0,0,Home,
2025-11-04T21:13:48.510081+00:00,,,0,0,0,Home,
2025-11-04T21:13:50.761078+00:00,,,0,0,0,Home,
2025-11-04T21:13:53.011956+00:00,,,0,0,0,Home,
2025-11-04T21:13:55.265435+00:00,,,0,0,0,Home,
2025-11-04T21:13:57.516107+00:00,,,0,0,0,Home,
2025-11-04T21:13:59.767792+00:00,,,0,0,0,Home,
2025-11-04T21:14:02.021351+00:00,,,0,0,0,Home,
2025-11-04T21:14:04.272053+00:00,,,0,0,0,Home,
2025-11-04T21:14:06.523877+00:00,,,0,0,0,Home,
2025-11-04T21:14:08.774575+00:00,,,0,0,0,Home,
2025-11-04T21:14:11.025388+00:00,,,0,0,0,Home,
2025-11-04T21:14:13.276177+00:00,,,0,0,0,Home,
2025-11-04T21:14:15.526866+00:00,,,0,0,0,Home,
2025-11-04T21:14:17.777540+00:00,,,0,0,0,Home,
2025-11-04T21:14:20.028295+00:00,,,0,0,0,Home,
2025-11-04T21:14:22.279001+00:00,,,0,0,0,Home,
2025-11-04T21:14:24.529845+00:00,,,1,0,0,Home,uploads/motion_20251104T211424Z.jpg
2025-11-04T21:14:26.975077+00:00,,,0,0,0,Home,
2025-11-04T21:14:29.225743+00:00,,,0,0,0,Home,
2025-11-04T21:14:31.476398+00:00,,,0,0,0,Home,
2025-11-04T21:14:33.727203+00:00,,,0,0,0,Home,
2025-11-04T21:14:35.978056+00:00,,,0,0,0,Home,
2025-11-04T21:14:38.229375+00:00,,,0,0,0,Home,
2025-11-04T21:14:40.480060+00:00,,,0,0,0,Home,
2025-11-04T21:14:42.730731+00:00,,,0,0,0,Home,
2025-11-04T21:14:44.981489+00:00,,,1,0,0,Home,uploads/motion_20251104T211445Z.jpg
2025-11-04T21:14:47.449896+00:00,,,0,0,0,Home,
2025-11-04T21:14:49.700549+00:00,,,1,0,0,Home,
2025-11-04T21:14:51.953532+00:00,,,0,0,0,Home,
2025-11-04T21:14:54.207684+00:00,,,0,0,0,Home,
2025-11-04T21:14:56.458599+00:00,,,0,0,0,Home,
2025-11-04T21:14:58.709443+00:00,,,0,0,0,Home,
2025-11-04T21:15:00.963574+00:00,,,1,0,0,Home,uploads/motion_20251104T211501Z.jpg
2025-11-04T21:15:03.435716+00:00,,,0,0,0,Home,
2025-11-04T21:15:05.689286+00:00,,,0,0,0,Home,
                                                                                                                                                                                                                                                                                                                                                                                                                                                                                                                                   2025-11-04T23:22:20.571231+00:00,,,0,0,0,Home,
2025-11-04T23:22:22.823089+00:00,,,0,0,0,Home,
2025-11-04T23:22:25.075539+00:00,,,0,0,0,Home,
2025-11-04T23:22:27.326283+00:00,,,0,0,0,Home,
2025-11-04T23:22:29.577972+00:00,,,0,0,0,Home,
2025-11-04T23:22:31.830504+00:00,,,0,0,0,Home,
2025-11-04T23:22:34.081290+00:00,,,1,0,0,Home,uploads/motion_20251104T232234Z.jpg
2025-11-04T23:22:36.559105+00:00,,,0,0,0,Home,
2025-11-04T23:22:38.813546+00:00,,,0,0,0,Home,
2025-11-04T23:22:41.069640+00:00,,,0,0,0,Home,
2025-11-04T23:22:43.324563+00:00,,,0,0,0,Home,
2025-11-04T23:22:45.575297+00:00,,,1,0,0,Home,uploads/motion_20251104T232245Z.jpg
2025-11-04T23:22:48.080239+00:00,,,0,0,0,Home,
2025-11-04T23:22:50.331103+00:00,,,0,0,0,Home,
2025-11-04T23:22:52.581888+00:00,,,0,0,0,Home,
2025-11-04T23:22:54.837656+00:00,,,1,0,0,Home,uploads/motion_20251104T232255Z.jpg
2025-11-04T23:22:57.290374+00:00,,,0,0,0,Home,
2025-11-04T23:22:59.543068+00:00,,,0,0,0,Home,
2025-11-04T23:23:01.793727+00:00,,,0,0,0,Home,
2025-11-04T23:23:04.049554+00:00,,,0,0,0,Home,
2025-11-04T23:23:06.305690+00:00,,,1,0,0,Home,uploads/motion_20251104T232306Z.jpg
2025-11-04T23:23:08.789030+00:00,,,0,0,0,Home,
2025-11-04T23:23:11.039948+00:00,,,0,0,0,Home,
2025-11-04T23:23:13.293662+00:00,,,1,0,0,Home,
2025-11-04T23:23:15.549680+00:00,,,0,0,0,Home,
2025-11-04T23:23:17.800625+00:00,,,0,0,0,Home,
2025-11-04T23:23:20.057685+00:00,,,0,0,0,Home,
2025-11-04T23:23:22.308740+00:00,,,0,0,0,Home,
2025-11-04T23:23:24.559372+00:00,,,1,0,0,Home,uploads/motion_20251104T232324Z.jpg
2025-11-04T23:23:27.014438+00:00,,,0,0,0,Home,
2025-11-04T23:23:29.265377+00:00,,,0,0,0,Home,
2025-11-04T23:23:31.516235+00:00,,,0,0,0,Home,
2025-11-04T23:23:33.767153+00:00,,,0,0,0,Home,
2025-11-04T23:23:36.021595+00:00,,,1,0,0,Home,uploads/motion_20251104T232336Z.jpg
2025-11-04T23:23:38.504770+00:00,,,0,0,0,Home,
2025-11-04T23:23:40.761797+00:00,,,0,0,0,Home,
2025-11-04T23:23:43.017720+00:00,,,0,0,0,Home,
2025-11-04T23:23:45.268650+00:00,,,0,0,0,Home,
2025-11-04T23:23:47.525824+00:00,,,0,0,0,Home,
2025-11-04T23:23:49.781643+00:00,,,0,0,0,Home,
2025-11-04T23:23:52.032610+00:00,,,0,0,0,Home,
2025-11-04T23:23:54.285690+00:00,,,0,0,0,Home,
2025-11-04T23:23:56.541848+00:00,,,0,0,0,Home,
2025-11-04T23:23:58.797756+00:00,,,1,0,0,Home,uploads/motion_20251104T232359Z.jpg
2025-11-04T23:24:01.219134+00:00,,,0,0,0,Home,
2025-11-04T23:24:03.473822+00:00,,,0,0,0,Home,
2025-11-04T23:24:05.724691+00:00,,,0,0,0,Home,
2025-11-04T23:24:07.981666+00:00,,,0,0,0,Home,
2025-11-04T23:24:10.232556+00:00,,,0,0,0,Home,
2025-11-04T23:24:12.485682+00:00,,,1,0,0,Home,uploads/motion_20251104T232412Z.jpg
2025-11-04T23:24:14.995953+00:00,,,0,0,0,Home,
2025-11-04T23:24:17.249772+00:00,,,0,0,0,Home,
2025-11-04T23:24:19.500637+00:00,,,1,0,0,Home,
2025-11-04T23:24:21.752957+00:00,,,0,0,0,Home,
2025-11-04T23:24:24.007630+00:00,,,1,0,0,Home,uploads/motion_20251104T232424Z.jpg
2025-11-04T23:24:26.475214+00:00,,,0,0,0,Home,
2025-11-04T23:24:28.727042+00:00,,,0,0,0,Home,
2025-11-04T23:24:30.981927+00:00,,,0,0,0,Home,
2025-11-04T23:24:33.237670+00:00,,,0,0,0,Home,
2025-11-04T23:24:35.491110+00:00,,,0,0,0,Home,
2025-11-04T23:24:37.743849+00:00,,,0,0,0,Home,
2025-11-04T23:24:39.997757+00:00,,,0,0,0,Home,
2025-11-04T23:24:42.251591+00:00,,,0,0,0,Home,
2025-11-04T23:24:44.505570+00:00,,,0,0,0,Home,
2025-11-04T23:24:46.758659+00:00,,,1,0,0,Home,uploads/motion_20251104T232447Z.jpg
2025-11-04T23:24:49.168533+00:00,,,0,0,0,Home,
2025-11-04T23:24:51.425679+00:00,,,0,0,0,Home,
2025-11-04T23:24:53.677802+00:00,,,0,0,0,Home,
2025-11-04T23:24:55.928712+00:00,,,0,0,0,Home,
2025-11-04T23:24:58.179661+00:00,,,0,0,0,Home,
2025-11-04T23:25:00.433184+00:00,,,0,0,0,Home,
2025-11-04T23:25:02.688938+00:00,,,0,0,0,Home,
2025-11-04T23:25:04.945450+00:00,,,0,0,0,Home,
2025-11-04T23:25:07.201915+00:00,,,1,0,0,Home,uploads/motion_20251104T232507Z.jpg
2025-11-04T23:25:09.611296+00:00,,,0,0,0,Home,
2025-11-04T23:25:11.865765+00:00,,,0,0,0,Home,
2025-11-04T23:25:14.125714+00:00,,,1,0,0,Home,
2025-11-04T23:25:16.381697+00:00,,,0,0,0,Home,
2025-11-04T23:25:18.635665+00:00,,,0,0,0,Home,
2025-11-04T23:25:20.889623+00:00,,,1,0,0,Home,uploads/motion_20251104T232521Z.jpg
2025-11-04T23:25:23.379384+00:00,,,0,0,0,Home,
2025-11-04T23:25:25.631725+00:00,,,0,0,0,Home,
2025-11-04T23:25:27.885586+00:00,,,0,0,0,Home,
2025-11-04T23:25:30.136458+00:00,,,0,0,0,Home,
2025-11-04T23:25:32.389655+00:00,,,0,0,0,Home,
2025-11-04T23:25:34.645704+00:00,,,1,0,0,Home,uploads/motion_20251104T232534Z.jpg
2025-11-04T23:25:37.128598+00:00,,,0,0,0,Home,
2025-11-04T23:25:39.381786+00:00,,,0,0,0,Home,
2025-11-04T23:25:41.635652+00:00,,,0,0,0,Home,
2025-11-04T23:25:43.889153+00:00,,,0,0,0,Home,
2025-11-04T23:25:46.140010+00:00,,,1,0,0,Home,uploads/motion_20251104T232546Z.jpg
2025-11-04T23:25:48.618820+00:00,,,0,0,0,Home,
2025-11-04T23:25:50.869505+00:00,,,0,0,0,Home,
2025-11-04T23:25:53.120179+00:00,,,0,0,0,Home,
2025-11-04T23:25:55.370924+00:00,,,0,0,0,Home,
2025-11-04T23:25:57.621730+00:00,,,1,0,0,Home,uploads/motion_20251104T232557Z.jpg
2025-11-04T23:26:00.103483+00:00,,,0,0,0,Home,
2025-11-04T23:26:02.354340+00:00,,,0,0,0,Home,
2025-11-04T23:26:04.605155+00:00,,,1,0,0,Home,
2025-11-04T23:26:06.857777+00:00,,,0,0,0,Home,
2025-11-04T23:26:09.108673+00:00,,,0,0,0,Home,
2025-11-04T23:26:11.359523+00:00,,,0,0,0,Home,
2025-11-04T23:26:13.611153+00:00,,,0,0,0,Home,
2025-11-04T23:26:15.865758+00:00,,,0,0,0,Home,
2025-11-04T23:26:18.121644+00:00,,,0,0,0,Home,
2025-11-04T23:26:20.377751+00:00,,,0,0,0,Home,
2025-11-04T23:26:22.628721+00:00,,,1,0,0,Home,uploads/motion_20251104T232622Z.jpg
2025-11-04T23:26:25.094054+00:00,,,0,0,0,Home,
2025-11-04T23:26:27.349496+00:00,,,0,0,0,Home,
2025-11-04T23:26:29.605975+00:00,,,0,0,0,Home,
2025-11-04T23:26:31.856692+00:00,,,0,0,0,Home,
2025-11-04T23:26:34.107368+00:00,,,0,0,0,Home,
2025-11-04T23:26:36.357999+00:00,,,1,0,0,Home,uploads/motion_20251104T232636Z.jpg
2025-11-04T23:26:38.842479+00:00,,,0,0,0,Home,
2025-11-04T23:26:41.093145+00:00,,,1,0,0,Home,
2025-11-04T23:26:43.343858+00:00,,,0,0,0,Home,
2025-11-04T23:26:45.594539+00:00,,,0,0,0,Home,
2025-11-04T23:26:47.847447+00:00,,,1,0,0,Home,uploads/motion_20251104T232648Z.jpg
2025-11-04T23:26:50.342721+00:00,,,0,0,0,Home,
2025-11-04T23:26:52.593562+00:00,,,0,0,0,Home,
2025-11-04T23:26:54.844452+00:00,,,1,0,0,Home,
2025-11-04T23:26:57.097649+00:00,,,0,0,0,Home,
2025-11-04T23:26:59.348540+00:00,,,0,0,0,Home,
2025-11-04T23:27:01.605675+00:00,,,0,0,0,Home,
2025-11-04T23:27:03.859387+00:00,,,0,0,0,Home,
2025-11-04T23:27:06.113683+00:00,,,0,0,0,Home,
2025-11-04T23:27:08.365774+00:00,,,0,0,0,Home,
2025-11-04T23:27:10.616629+00:00,,,0,0,0,Home,
2025-11-04T23:27:12.869700+00:00,,,0,0,0,Home,
2025-11-04T23:27:15.120438+00:00,,,0,0,0,Home,
2025-11-04T23:27:17.371403+00:00,,,1,0,0,Home,uploads/motion_20251104T232717Z.jpg
2025-11-04T23:27:19.854371+00:00,,,0,0,0,Home,
2025-11-04T23:27:22.105201+00:00,,,0,0,0,Home,
2025-11-04T23:27:24.355903+00:00,,,1,0,0,Home,uploads/motion_20251104T232729Z.jpg
